Species name,common name,taxa_smaller,taxa_big,present in BC,established in BC,established in Canada,native to part of BC,source region to BC,hitlist (according to Therriault and Webb),ornamental/nursery trade,aquarium pet  trade,live food market,biological supply,aquaculture,fish stocking,recreational boating,bait industry,shipping and ballast,canals and diversions,adjacent region,"if adjacent, where",exotic to NA,invasive in NA,globally invasive,Listed in publications,Risk assessment pubs,impact/other pubs,,,,,
Acipenser transmontanus ,white sturgeon,sturgeon,fish,,,,,"Oregon, California",,,,,,yes,,,,,,,,no,yes,no,"Crossman 1991, DFO aquaculture liscences",,,,,,,
Acorus gramineus,Grassy-leaved sweet flag (Japanese sweetflag) ,,aquatic plant,,,,,,,yes,,,,,,,,NA,NA,,,,,,Azan et al. 2015,Azan et al. 2015,,Low,,,1,
Agapanthus africanus ,lily of the Nile,,plant,,,,,,,yes,,,,,,,,NA,NA,,,,,,Azan et al. 2015,Azan et al. 2015,,Low,,,1,
Alosa mediocris,Hickory shad,shad,fish,,,,,,No,,,,,,,,,,,,,no,no,no,Therriault and Webb 2017,Therriault and Webb 2017,,,,,,
Alosa sapidissima,American shad,shad,fish,,yes,yes,,USA,,,,,,,,,,,,yes,,no,yes,no,"Crossman 1991, BC Ministry List",,,,,,,
Alternanthera ,,,aquatic plant,,,,,,,yes,,,,,,,,NA,NA,,,,,,Azan et al. 2015,Azan et al. 2015,,Moderately High,,,299,
Ameiurus brunneus,Snail bullhead,bullhead,fish,,,,,,Yes,,,,,,,,,,,yes,Montana,no,yes?,no,Therriault and Webb 2017,Therriault and Webb 2017,Clancy and Bourret 2020,,,,,
Ameiurus melas,Black bullhead,bullhead,fish,,yes,yes,,,,,,,yes,,,,,,,yes,Montana,no,yes,yes,"Crossman 1991, BC Ministry List, Keller and Lodge 2007",,Clancy and Bourret 2020,,,,,
Ameiurus natalis,Yellow bullhead,bullhead catfish,fish,yes,,,,,,,,,,,,,,,,yes,Montana,no,yes,no,BC Ministry List,,Clancy and Bourret 2020,,,,,
Ameiurus nebulosus ,Brown bullhead,bullhead,fish,,yes,yes,,,Yes,,,,,,,,,,,yes,"Montana, Washington",no,yes,yes,"Crossman 1991, Mandrak et al 2014, Therriault and Webb 2017, BC Ministry List",Therriault and Webb 2017,"Clancy and Bourret 2020, Bonar et al. 2005",,,,,
Ameiurus platycephalus ,Flat bullhead,bullhead,fish,,,,,,Yes,,,,,,,,,,,yes,Montana,no,yes,yes,Therriault and Webb 2017,Therriault and Webb 2017,Clancy and Bourret 2020,,,,,
Amia calva,bowfin,bowfin,fish,,,,,Ontario,,,,,,,,,,,,,,no,yes,no,Crossman 1991,,,,,,,
(Ammania senegalensis OR Ammannia auriculata),copper leaf ammania,,aquatic plant,,,,,,,yes,,,,,,,,NA,NA,,,,,,Azan et al. 2015,Azan et al. 2015,,Moderately High,,,1,
Anemopsis californica,,,aquatic plant,,,,,,,yes,,,,,,,,NA,NA,,,,,,Azan et al. 2015,Azan et al. 2015,,Moderately Low,,,1,
Anguilla australis ,,,fish,,,,,,,,yes,,,,,,,NA,NA,,,,,,Mandrak et al. 2014,,,not climate match to canada,family climate match ,,28,
Anguilla bicolor ,,,fish,,,,,,,,yes,,,,,,,NA,NA,,,,,,Mandrak et al. 2014,,,not climate match to canada,family climate match ,,5,
Anguilla japonica ,,,fish,,,,,,,,yes,,,,,,,NA,NA,,,,,,Mandrak et al. 2014,,,not climate match to canada,family climate match ,,60,
Anguilla rostrata ,American eel,eel,fish,,,yes,,"Newfoundland, Quebec, NY",,,,yes,,,,,,,,,,no,yes,no,"Crossman 1991, Mandrak et al 2014",,,,,,,
Anubias,,,aquatic plant,,,,,,,yes,,,,,,,,NA,NA,,,,,,Azan et al. 2015,Azan et al. 2015,,Moderately High,,,1,
(Aponogeton crispus OR Aponogeton elongatus),Ruffled Sword Plant,,aquatic plant,,,,,,,yes,,,,,,,,NA,NA,,,,,,"Azan et al. 2015, Cohen et al. 2007",Azan et al. 2015,,Moderately Low,,,6,
Aponogeton madagascariensis,,,aquatic plant,,,,,,,yes,,,,,,,,NA,NA,,,,,,"Azan et al. 2015, Cohen et al. 2007",Azan et al. 2015,,Moderately Low,,,1,
Astronotus ocellatus,Oscar,cichlid,fish,yes,,,,,,,,,,,,,,,,,,yes,yes,yes,BC Ministry List,,,,,,,
Atractosteus spatula ,,,fish,,,,,,,,yes,,,,,,,NA,NA,,,,,,Mandrak et al. 2014,,,not climate match to canada,family climate match ,,5,
Azolla caroliniana,Eastern mosquito fern,fern,aquatic plant,yes,,,no,,,,,,,,,,,NA,NA,,,,,,BC Ministry List,,,,,,6,
Azolla filiculoides,Large mosquito fern,fern,aquatic plant,yes,,,no,,,,,,,,,,,NA,NA,,,,,,BC Ministry List,,,,,,86,
Bacopa australis,,,aquatic plant,,,,,,,yes,,,,,,,,NA,NA,,,,,,Azan et al. 2015,Azan et al. 2015,,Moderately Low,,,1,
(Bacopa caroliniana OR Bacopa amplexicaulis),,,aquatic plant,,,,,,,yes,,,,,,,,NA,NA,,,,,,"Azan et al. 2015, Cohen et al. 2007",Azan et al. 2015,,Moderately Low,,,11,
Bacopa monnieri ,,,aquatic plant,,,,,,,yes,,,,,,,,NA,NA,,,,,,Cohen et al. 2007,,,,,,9,
Barbonymus altus ,,,fish,,,,,,,,yes,,,,,,,NA,NA,,,,,,Mandrak et al. 2014,,,not climate match to canada,family climate match ,,1,
Barbonymus schwanenfeldii ,,,fish,,,,,,,,yes,,,,,,,NA,NA,,,,,,Mandrak et al. 2014,,,not climate match to canada,family climate match ,,4,
Barclaya,,,aquatic plant,,,,,,,yes,,,,,,,,NA,NA,,,,,,Azan et al. 2015,Azan et al. 2015,,Low,,,1,
(Barclaya longifolia OR Hydrostemma longifolium),,,aquatic plant,,,,,,,yes,,,,,,,,NA,NA,,,,,,Azan et al. 2015,Azan et al. 2015,,Low,,,3,
(Bellamya chinensis  OR Cipangopaludina chinensis),Chinese Mysterysnail ,mollusc,invertebrate,yes,,yes,no,,,,,,,,,,,,,yes,Washington,yes,yes,yes?,"Schroeder et al. 2014, BC Ministry List",,(Olden et al. 2009),,,,,
(Bellamya japonica OR Cipangopaludina japonica),Japanese Mysterysnail ,mollusc,invertebrate,,,yes,,,,,,,,,,,,NA,NA,,,,,,Schroeder et al. 2014,,,net fouler,,,7,
Betta splendens,Siamese fighting fish,,fish,,,,,,,,yes,,,,,,,NA,NA,,,,,,Gertzen et al. 2007,,,,,,15,
Biomphalaria alexandrina ,,mollusc,invertebrate,,,Unknown ,,,,,yes,,,,,,,,,,,yes,no,no,"Schroeder et al. 2014, DFO SLRA 2014",,,,,,,
Biomphalaria glabrata ,Bloodfluke Planorb ,mollusc,invertebrate,,,Unknown ,,,,,yes,,,,,,,,,,,yes,yes?,no,"Schroeder et al. 2014, DFO SLRA 2014",,,,,,,
Biomphalaria pfeifferi ,,mollusc,invertebrate,,,No ,,,,,yes,,,,,,,,,,,yes,no,no,"Schroeder et al. 2014, DFO SLRA 2014",,,,,,,
Biomphalaria straminea ,,mollusc,invertebrate,,,No ,,,,,yes,,,,,,,,,,,yes,no,yes,"Schroeder et al. 2014, DFO SLRA 2014",,,,,,,
Bithynia tentaculata ,Faucet Snail ,mollusc,invertebrate,,,yes,,,,,yes,,,,,,,,,yes,Montana,yes,yes,no,Schroeder et al. 2014,Harman 2000; Haynes et al. 2005,Sanland and Pierce 2021,,,,,
Bletilla striata,,,aquatic plant,,,,,,,yes,,,,,,,,NA,NA,,,,,,Azan et al. 2015,Azan et al. 2015,,Low,,,4,
Bosmina coregoni,water flea,cladocera,zooplankton,,,,,,,,,,,,,,,,,yes,Washington,yes,yes,no,,Lee et al. 2016,,,,,,
Brachygobius doriae ,,,fish,,,,,,,,yes,,,,,,,NA,NA,,,,,,Mandrak et al. 2014,,,not climate match to canada,family climate match ,,1,
Bulinus truncatus ,,mollusc,invertebrate,,,Unknown ,,,,,yes,,,,,,,,,,,yes,no,no,"Schroeder et al. 2014, DFO SLRA 2014",,,,,,,
Butomus umbellatus,Flowering-rush,rush,aquatic plant,yes,,,no,,,,,,,,,,,NA,NA,,,,,,BC Ministry List,,,,,,31,
Cabomba aquatic,,,aquatic plant,,,,,,,yes,,,,,,,,NA,NA,,,,,,"Azan et al. 2015, Cohen et al. 2007",Azan et al. 2015,,Moderately Low,,,41,
Cabomba caroliniana,,,aquatic plant,,,yes,,,,yes,,,,,,,,NA,NA,,,,,,"Keller and Lodge 2007, Cohen et al. 2007 ",,,,,,39,
Cabomba palaeformis,,,aquatic plant,,,,,,,yes,,,,,,,,NA,NA,,,,,,Azan et al. 2015,Azan et al. 2015,,Moderately Low,,,1,
(Cabomba piauhyensis OR Cabomba furcata),Red Cabomba Plant,,aquatic plant,,,,,,,yes,,,,,,,,NA,NA,,,,,,Azan et al. 2015,Azan et al. 2015,,Moderately High,,,6,
Caladium ,,,aquatic plant,,,,,,,yes,,,,,,,,NA,NA,,,,,,Azan et al. 2015,Azan et al. 2015,,Low,,,3,
Callitriche stagnalis,Pond water-starwort,starwort,aquatic plant,yes,,,no,,,,,,,,,,,NA,NA,,,,,,BC Ministry List,,,,,,4,
Caltha,,,aquatic plant,,,,,,,yes,,,,,,,,NA,NA,,,,,,Azan et al. 2015,Azan et al. 2015,,Low,,,3,
Carassius auratus ,Goldfish,Goldfish,fish,,yes,yes,,,,yes,yes,yes,,,,,,,,,,yes,yes,yes,"Crossman 1991, Mandrak et al 2014, Gartner et al. 2011, BC Ministry List, Keller and Lodge 2007, Gertzen et al. 2007",,,,,,,
Carassius carassius ,Crucian carp,carp,fish,,,no,,,,,,yes,yes,,,,,,,,,yes,no,yes,Mandrak et al 2014,,Roy et al. 2018,,,,,
Carassius gibelio,Prussian carp,carp,fish,,,,,,,,,,,,,,,,,yes,Alberta,yes,yes,yes,,,Ruppert et al. 2017,,,,,
(Carex glauca OR Carex flacca),,,aquatic plant,,,,,,,yes,,,,,,,,NA,NA,,,,,,Azan et al. 2015,Azan et al. 2015,,Low,,,36,
Catostomus catostomus,Longnose sucker,sucker,fish,,,,,Alberta,,,,,,,yes,,yes,,,yes,Montana,no,yes?,no,Crossman 1991,,Clancy and Bourret 2020,,,,,
Catostomus commersonii,White sucker,sucker,fish,,,,,Alberta,,,,,,,yes,,,,,yes,Montana,no,yes,no,Crossman 1991,,Clancy and Bourret 2020,,,,,
Ceratophyllum demersum,Common hornwort (coontail),hornwort,aquatic plant,yes,,,yes,,,yes,,,,,,,,,,,,yes,yes,yes,"BC Ministry List, Cohen et al. 2007",,,,,,,
Ceratopteris thalictroides,,,aquatic plant,,,,,,,yes,,,,,,,,NA,NA,,,,,,Cohen et al. 2007,,,,,,3,
Channa maculata,Blotched snakehead,snakehead,fish,yes,,,,,,,,yes,,,,,,,,,,yes,yes,no,BC Ministry List,,Roy et al. 2018,,,,,
Chelydra serpentina,Eastern snapping turtle,turtle,reptile,yes,,,yes,,,,,,,,,,,,,,,no,yes,no?,BC Ministry List,,,,,,,
Chelydra serpentina serpentina,Eastern snapping turtle,turtle,reptile,yes,,,yes,,,,,,,,,,,NA,NA,,,,,,BC Ministry List,,,,,,25,
(Cladophora aegagropila OR Aegagropila linnaei),"moss ball, marimo",(syn. Aegagropila linnaei),aquatic plant,,,,,,,yes,,,,,,,,,,,,yes,no,no,"Azan et al. 2015, Cohen et al. 2007",Azan et al. 2015,,,,,,
Cobitis taenia ,Spined loach,loach,fish,,yes,no,,,,,yes,,,,,,,,,,,yes,no,no,Mandrak et al 2014,,,,,,,
Colisa lalia,Dwarf gourami,,fish,,,,,,,,yes,,,,,,,NA,NA,,,,,,Gertzen et al. 2007,,,,,,6,
Colocasia esculenta,,,aquatic plant,,,,,,,yes,,,,,,,,NA,NA,,,,,,Azan et al. 2015,Azan et al. 2015,,Low,,,61,
Corbicula fluminea ,Asian Clam ,mollusc,invertebrate,yes,,yes,no,,,yes,,,,,,,,,,yes,Washington,yes,yes,yes,"Schroeder et al. 2014, Keller 2007, BC Ministry List; Keller and Lodge 2007",,"Ricciardi 1998; Magara et al. 2001; Cataldo et al. 2012, Dexter et al. 2020, Holbrook et al. 2020, Phelps 1994",,,,,
Cordyline,,,aquatic plant,,,,,,,yes,,,,,,,,NA,NA,,,,,,Azan et al. 2015,Azan et al. 2015,,Low,,,13,
Coregonus clupeaformis,Lake whitefish,whitefish,fish,,yes,,yes,,,,,,,,,,,,,,,no,yes,no,"Crossman 1991, BC Ministry List",,,,,,,
Couesius plumbeus,Lake chub,chub,fish,,,,,Alberta,,,,,,,yes,,,,,,,no,yes,no,Crossman 1991,,,,,,,
Craspedacusta sowerbyi,Freshwater jellyfish,hydrozoan,invertebrate,yes,,,no,,,,yes,,,,,,,,,,,yes,yes,yes,"BC Ministry List, Duggan et al. 2018",,,,,,,
Crinum,,,aquatic plant,,,,,,,yes,,,,,,,,NA,NA,,,,,,Azan et al. 2015,Azan et al. 2015,,Moderately Low,,,7,
(Cryptocoryne cordata OR Cryptocoryne blassii),,,aquatic plant,,,,,,,yes,,,,,,,,NA,NA,,,,,,Azan et al. 2015,Azan et al. 2015,,Low,,,5,
(Cryptocoryne crispatula OR Cryptocoryne balansae OR Cryptocoryne tonkinensis),,,aquatic plant,,,,,,,yes,,,,,,,,NA,NA,,,,,,"Azan et al. 2015, Cohen et al. 2007",Azan et al. 2015,,Moderately Low,,,2,
(Cryptocoryne undulata OR Cryptocoryne willisii),,,aquatic plant,,,,,,,yes,,,,,,,,NA,NA,,,,,,Azan et al. 2015,Azan et al. 2015,,Moderately High,,,1,
Ctenopharyngodon idella ,Grass carp,carp,fish,,,no,,,Yes,,,yes,,,,,,,,yes,Idaho,yes,yes,yes,"Mandrak et al 2014, Therriault and Webb 2017","Therriault and Webb 2017, DFO Canadawide RA","Erickson et al. 2017, Roy et al. 2018",,,,,
Culaea inconstans ,Brook stickleback,stickleback,fish,,,,,Alberta,Yes,,,,,,yes,,,,,yes,Washington,no,yes,no,"Crossman 1991, Therriault and Webb 2017",Therriault and Webb 2017,(Scholz et al. 2003; Wieker et al. 2016),,,,,
Cyperus alternifolius,,,aquatic plant,,,,,,,yes,,,,,,,,NA,NA,,,,,,Azan et al. 2015,Azan et al. 2015,,Moderately High,,,8,
Cyperus longus,,,aquatic plant,,,,,,,yes,,,,,,,,NA,NA,,,,,,Azan et al. 2015,Azan et al. 2015,,Low,,,1,
Cyperus papyrus,,,aquatic plant,,,,,,,yes,,,,,,,,NA,NA,,,,,,Azan et al. 2015,Azan et al. 2015,,High,,,15,
Cyprinella lutrensis ,Red Shiner,Shiner,fish,,yes,no,,,,,yes,yes,,,,,,,,,,no,yes,no,Mandrak et al 2014,,Roy et al. 2018,,,,,
Cyprinus carpio ,"Common carp, koi",carp,fish,,yes,yes,,,Yes,,yes,yes,,yes,,,,,,yes,Washington,yes,yes,yes,"Crossman 1991, Mandrak et al 2014, DFO aquaculture liscence, Therriault and Webb 2017, BC Ministry List",Therriault and Webb 2017,Feeken et al. 2019,,,,,
Danio albolineatus ,Pearl danio,danio,fish,,yes,no,,,,,yes,,,,,,,,,,,yes,no,no,Mandrak et al 2014,,,,,,,
Didymosphenia geminata,Didymo,diatom,phytoplankton,yes,,,yes,,,,,,,,,,,,,yes,"Washington, Alberta",no,yes,yes,BC Ministry List,,"Blinn 2015, Kirkwood et al. 2007, 2009",,,,,
Dracaena fragrans,,,aquatic plant,,,,,,,yes,,,,,,,,NA,NA,,,,,,Azan et al. 2015,Azan et al. 2015,,Moderately Low,,,1,
Dracaena sanderiana,,,aquatic plant,,,,,,,yes,,,,,,,,NA,NA,,,,,,"Azan et al. 2015, Cohen et al. 2007",Azan et al. 2015,,Moderately Low,,,4,
Dreissena bugensis ,Quagga Mussel ,mollusc,invertebrate,,,yes,,,,,,,,,,yes,,,,,,yes,yes,no,Schroeder et al. 2014,"Therriault et al. 2013, DFO Canadawide RA",,,,,,
Dreissena polymorpha ,Zebra Mussel ,mollusc,invertebrate,,,yes,,,,,,,,,,yes,,,,,,yes,yes,yes,Schroeder et al. 2014,"Therriault et al. 2013, DFO Canadawide RA",,,,,,
(Echinodorus bolivianus OR Echinodorus latifolius OR Echinodorus angustifolius OR Echinodorus quadricostatus),,,aquatic plant,,,,,,,yes,,,,,,,,NA,NA,,,,,,Azan et al. 2015,Azan et al. 2015,,Moderately Low,,,2,
Echinodorus cordifolius,,,aquatic plant,,,,,,,yes,,,,,,,,NA,NA,,,,,,Azan et al. 2015,Azan et al. 2015,,Moderately Low,,,1,
(Echinodorus grandiflorus OR Echinodorus muricatus),,,aquatic plant,,,,,,,yes,,,,,,,,NA,NA,,,,,,Azan et al. 2015,Azan et al. 2015,,Moderately Low,,,43,
(Echinodorus martii OR Echinodorus major),,,aquatic plant,,,,,,,yes,,,,,,,,NA,NA,,,,,,Azan et al. 2015,Azan et al. 2015,,Moderately Low,,,5,
(Echinodorus tenellus OR Helanthium tenellum),,,aquatic plant,,,,,,,yes,,,,,,,,NA,NA,,,,,,Azan et al. 2015,Azan et al. 2015,,Moderately Low,,,8,
(Echinodorus uruguayensis OR Echinodorus osiris OR Echinodorus barthii),,,aquatic plant,,,,,,,yes,,,,,,,,NA,NA,,,,,,Azan et al. 2015,Azan et al. 2015,,Moderately High,,,5,
Egeria densa,Brazilian waterweed,waterweed,aquatic plant,yes,,yes,no,,,yes,yes,,,,,,,,,yes,Washington,yes,yes,yes,"BC Ministry List, Keller and Lodge 2007, Cohen et al. 2007",,(Parsons et al. 2009; Tamayo and Olden 2014),,,,,
Egeria najas,Narrow leaf elodea (Planchon),elodea,aquatic plant,,,no,,,,yes,,,,,,,,,,yes,Alaska,yes,no,no?,"DFO SLRA 2014, Azan et al. 2015, cohen et al. 2007",Azan et al. 2015,"(Luizza et al. 2016; Carey et al. 2016; Sethi et al. 2017; Schwoerer et al. 2020b, 2020a)",,,,,
Eichhornia azurea ,,,aquatic plant,,,,,,,yes,,,,,,,,NA,NA,,,,,,Cohen et al. 2007,,,,,,9,
Elassoma evergladei ,,,fish,,,,,,,,,,,,,,,NA,NA,,,,,,Mandrak et al. 2014,,,not climate match to canada,family climate match ,,1,
Elimia livescens ,Liver Elimia ,mollusc,invertebrate,,,Unknown ,,,,,yes,,,,,,,,,,,no,yes?,no,"Schroeder et al. 2014, DFO SLRA 2014",Schroeder et al. 2014,,,,,,
Erimyzon sucetta ,Lake chubsucker ,sucker,fish,,,,,,Yes,,,,,,,,,,,,,no,yes?,no,Therriault and Webb 2017,Therriault and Webb 2017,,,,,,
Esox americanus ,Redfin pickerel ,pickerel,fish,,,,,,Yes,,,,,,,,,,,,,no,yes?,no,Therriault and Webb 2017,Therriault and Webb 2017,,,,,,
Esox lucius,Northern Pike,Pike,fish,,yes,yes,,"Yukon, Alberta",,,,,,,,,,,,yes,"Montana, Alaska, Alberta",no,no?,yes,"Crossman 1991, BC Ministry List",DFO 2010 BC RA,"Clancy and Bourret 2020, (Haught and von Hippel 2011; Sepulveda et al. 2013; Heins et al. 2016; Dunker et al. 2016, 2020; Cathcart et al. 2019, Sepulveda et al. 2018",,,,,
Eucyclops serrulatus,,copepoda,zooplankton,,,,,,,yes,,,,,,,,NA,NA,,,,,,Duggan et al. 2018,,,on sword plants and Vallisneria plants,,,3,
(Faxonius rusticus OR Orconectes rusticus),rusty crayfish,crayfish,invertebrate,,,yes,,,,,,,,,,,yes,,,,,no,yes,no,"Brown and Therriault, Keller and Lodge 2007",,,,,,,
(Faxonius virilis OR Orconectes virilis),Virile or Northern crayfish,crayfish,invertebrate,yes,,,,#NAME?,,,,,,,,,,,,yes,Washington,no,yes,no,Brown and Therriault,(Larson et al. 2010; Loffredo et al. 2019),,,,,,
Gambusia affinis,Mosquitofish,Mosquitofish,fish,,,yes,,,,,,,,,,,yes,,,,,no,yes,yes,"Crossman 1991, Keller and Lodge ",,,,,,,
Gambusia holbrooki ,,,fish,,,,,,,,yes,,,,,,,NA,NA,,,,,,Mandrak et al. 2014,,,not climate match to canada,family climate match ,,293,
Gasterosteus aculeatus,Three spined stickleback,stickleback,fish,,,,,,,,,,,,,,,,,,,no,yes,no,Crossman 1991,,,,,,,
Glyceria declinata,Waxy mannagrass,mannagrass,aquatic plant,yes,,,no,,,,,,,,,,,NA,NA,,,,,,BC Ministry List,,,,,,1,
Glyceria fluitans,Floating sweet-grass,grass,aquatic plant,yes,,,no,,,,,,,,,,,NA,NA,,,,,,BC Ministry List,,,,,,1,
Glyceria maxima,Giant mannagrass,mannagrass,aquatic plant,yes,,yes,no,,,yes,,,,,,,,,,,,yes,yes,yes,"BC Ministry List, Keller and Lodge 2007",,,,,,,
Gobio gobio ,Gudgeon ,Gudgeon,fish,,,,,,Yes,,,,,,,,,,,,,no,no,yes,Therriault and Webb 2017,Therriault and Webb 2017,,,,,,
Gymnocoronis spilanthoides,,,aquatic plant,,,,,,,yes,,,,,,,,NA,NA,,,,,,Cohen et al. 2007,,,,,,8,
Harpacticella paradoxa,,copepoda,zooplankton,,,,,,,,,,,,,,,,,yes,Washington,yes,yes,no,,,Cordell et al. 2007,,,,,
Helisoma anceps ,Two-ridge Rams Horn ,mollusc,invertebrate,,,yes,,,,,,,,,,,,NA,NA,,,,,,Schroeder et al. 2014,Schroeder et al. 2014,,,,,8,
(Helisoma trivolvis OR Planorella trivolvis),,mollusc,invertebrate,,,yes,,,,,,,,,,,,NA,NA,,,,,,Schroeder et al. 2014,Schroeder et al. 2014,,,,,382,
(Hemianthus callitrichoides OR Micranthemum umbrosum),,,aquatic plant,,,,,,,yes,,,,,,,,NA,NA,,,,,,Azan et al. 2015,Azan et al. 2015,,Moderately Low,,,1,
Hemichromis,Jewel cichlid (sp),cichlid,fish,yes,,,,,,,,,,,,,,,,,,,,,BC Ministry List,,,,,,,
(Hemigraphis repanda OR Ruellia repanda),,,aquatic plant,,,,,,,yes,,,,,,,,NA,NA,,,,,,Azan et al. 2015,Azan et al. 2015,,Moderately High,,,1,
Hemimysis anomala,Bloody red shrimp,shrimp,invertebrate,,,,,,,,,,,,,,,,,,,yes,yes,yes,,DFO Canadawide RA,,,,,,
Heterandria formosa ,,,fish,,,,,,,,yes,,,,,,,NA,NA,,,,,,Mandrak et al. 2014,,,not climate match to canada,family climate match ,,11,
Heteranthera zosterifolia,,,aquatic plant,,,,,,,yes,,,,,,,,NA,NA,,,,,,Azan et al. 2015,Azan et al. 2015,,Moderately Low,,,1,
Hibiscus acetosella,,,aquatic plant,,,,,,,yes,,,,,,,,NA,NA,,,,,,Azan et al. 2015,Azan et al. 2015,,Low,,,1,
Hiodon alosoides,Goldeye,Goldeye,fish,,,,,Alberta,,,,,,,,,,,,,,no,yes,no,Crossman 1991,,,,,,,
Hottonia palustris ,,,aquatic plant,,,,,,,yes,,,,,,,,NA,NA,,,,,,Azan et al. 2015,Azan et al. 2015,,Low,,,2,
Houttuynia,,,aquatic plant,,,,,,,yes,,,,,,,,NA,NA,,,,,,Azan et al. 2015,Azan et al. 2015,,Moderately Low,,,11,
Hydra,,,invertebrate,,,,,,,,yes,,,,,,,NA,NA,,,,,,Duggan et al. 2018,,,on sword plants and Vallisneria plants,,,2,
Hydrocharis morsus-ranae,european frog-bit,,aquatic plant,,,yes,,,,yes,,,,,,,,NA,NA,,,,,,Keller and Lodge 2007,,,,,,18,
Hydrocotyle,,,aquatic plant,,,,,,,yes,,,,,,,,NA,NA,,,,,,Azan et al. 2015,Azan et al. 2015,,Moderately High,,,56,
(Hydrocotyle sibthorpioides OR Hydrocotyle maritima OR Hydrocotyle rotundifolia),,,aquatic plant,,,,,,,yes,,,,,,,,NA,NA,,,,,,Azan et al. 2015,Azan et al. 2015,,Low,,,30,
(Hygrophila angustifolia OR Hygrophila salicifolia),,,aquatic plant,,,,,,,yes,,,,,,,,NA,NA,,,,,,"Azan et al. 2015, cohen et al. 2007",Azan et al. 2015,,Moderately High,,,2,
Hygrophila corymbosa,,,aquatic plant,,,,,,,yes,,,,,,,,NA,NA,,,,,,Azan et al. 2015,Azan et al. 2015,,High,,,1,
(Hygrophila difformis OR Synnema triflorum),water wisteria,(Blume) (syn. Synnema triflorum),aquatic plant,,,,,,,yes,,,,,,,,,,,,yes,yes,no,"Azan et al. 2015, Cohen et al. 2007",Azan et al. 2015,,,,,,
Hygrophila polysperma ,,,aquatic plant,,,,,,,yes,,,,,,,,NA,NA,,,,,,Cohen et al. 2007,,,,,,10,
(Hygrophila stricta OR Nomaphylla stricta),,,aquatic plant,,,,,,,yes,,,,,,,,NA,NA,,,,,,Azan et al. 2015,Azan et al. 2015,,Moderately High,,,4,
Hymenocallis,,,aquatic plant,,,,,,,yes,,,,,,,,NA,NA,,,,,,Azan et al. 2015,Azan et al. 2015,,Moderately Low,,,2,
Hypophthalmichthys molitrix ,Silver carp ,carp,fish,,,,,,Yes,,,,,,,,,,,,,yes,yes,yes,Therriault and Webb 2017,"Therriault and Webb 2017, DFO Canadawide RA",Roy et al. 2018,,,,,
Hypophthalmichthys nobilis ,Bighead carp ,carp,fish,,,,,,Yes,,,yes,,,,,,,,,,yes,yes,yes,"Therriault and Webb 2017, Keller and Lodge 2007","Therriault and Webb 2017, DFO Canadawide RA",Roy et al. 2018,,,,,
Ichthyomyzon greeleyi ,Mountain brook lamprey ,lamprey,fish,,,,,,No,,,,,,,,,,,,,no,no,no,Therriault and Webb 2017,Therriault and Webb 2017,,,,,,
Ictalurus furcatus ,Blue catfish,catfish,fish,,,no,,,,,,,,,,,,,,,,no,yes,yes?,Mandrak et al 2014,,,,,,,
Ictalurus punctatus ,Channel catfish,catfish,fish,,yes,yes,,Idaho,,,yes,yes,,,,,,,,,,no,yes,no,"Crossman 1991, Mandrak et al 2014",,,,,,,
Ictiobus cyprinellus ,Bigmouth buffalo,buffalo,fish,,yes,yes,,,,,yes,yes,,,,,,,,,,no,yes,no,Mandrak et al 2014,,,,,,,
Indoplanorbis exustus ,,mollusc,invertebrate,,,No ,,,,,yes,,,,,,,,,,,yes,no,no,"Schroeder et al. 2014, DFO SLRA 2014",Schroeder et al. 2014,,,,,,
Iris pseudacorus,Yellow iris,iris,aquatic plant,yes,,yes,no,,,yes,,,,,,,,,,,,no,yes,no?,"BC Ministry List, Keller and Lodge 2007",,,,,,,
(Isolepis cernua OR Scirpus cernuus),,,aquatic plant,,,,,,,yes,,,,,,,,NA,NA,,,,,,Azan et al. 2015,Azan et al. 2015,,Low,,,5,
Jordanella floridae ,,,fish,,,,,,,,yes,,,,,,,NA,NA,,,,,,Mandrak et al. 2014,,,not climate match to canada,family climate match ,,3,
Juncus bulbosus,Bulbous rush,rush,aquatic plant,yes,,,no,,,,,,,,,,,NA,NA,,,,,,BC Ministry List,,,,,,9,
Juncus repens,,,aquatic plant,,,,,,,yes,,,,,,,,NA,NA,,,,,,Azan et al. 2015,Azan et al. 2015,,Moderately High,,,6,
Jussiaea diffusa,,,aquatic plant,,,,,,,yes,,,,,,,,NA,NA,,,,,,Azan et al. 2015,Azan et al. 2015,,Moderately Low,,,1,
Kryptopterus bicirrhis ,,,fish,,,,,,,,yes,,,,,,,NA,NA,,,,,,Mandrak et al. 2014,,,not climate match to canada,family climate match ,,2,
Lampetra ayresii ,Western river lamprey ,lamprey,fish,,,,,,No,,,,,,,,,,,,,no,no,no,Therriault and Webb 2017,Therriault and Webb 2017,,,,,,
Lampetra fluviatilis ,european River lamprey ,lamprey,fish,,,,,,Yes,,,,,,,,,,,,,yes,no,yes,Therriault and Webb 2017,Therriault and Webb 2017,,,,,,
Lampetra pacifica ,Pacific brook lamprey ,lamprey,fish,,,,,,No,,,,,,,,,,,,,no,no,no,Therriault and Webb 2017,Therriault and Webb 2017,,,,,,
Lates calcarifer,Barramundi or Asian sea bass,bass,fish,,,,,,,,,,,yes,,,,,,,,yes,no,yes,DFO aquaculture liscence,,,,,,,
Lecane monostyla,,rotifer,zooplankton,,,,,,,yes,,,,,,,,NA,NA,,,,,,Duggan et al. 2018,,,on Vallisneria plants,,,1,
Lecane pyriformis,,rotifer,zooplankton,,,,,,,yes,,,,,,,,NA,NA,,,,,,Duggan et al. 2018,,,on Vallisneria plants,,,1,
Lepadella ovalis,,rotifer,zooplankton,,,,,,,yes,,,,,,,,NA,NA,,,,,,Duggan et al. 2018,,,on sword plants and Vallisneria plants,,,1,
Lepeophtheirus salmonis,sea lice,copepod,parasite,,,,,,,,,,,,,,,NA,NA,,,,,,,,,"concern that it could evolve freshwater tolerance Groner et al. 2019, Ljungfeldt et al. 2017",,,52,
Lepisosteus oculatus ,Spotted gar,gar,fish,,yes,yes,,,,,yes,,,,,,,,,,,no,yes,no,Mandrak et al 2014,,,,,,,
Lepisosteus osseus ,Longnose gar,gar,fish,,yes,yes,,,,,yes,,,,,,,,,,,no,no,no,Mandrak et al 2014,,,,,,,
Lepomis cyanellus,Green sunfish,sunfish,fish,,,,,,,,,,,,,,,,,yes,Washington,no,yes,yes,,,Bonar et al. 2005,,,,,
Lepomis gibbosus,Pumpkinseed,sunfish,fish,,yes,yes,,USA,Yes,,,,,,,,,,,yes,"Montana, Washington",no,yes,yes,"Crossman 1991, Therriault and Webb 2017, BC Ministry List","Therriault and Webb 2017, DFO 2010 BC RA","Clancy and Bourret 2020, Bonar et al. 2005",,,,,
Lepomis gulosus,Warmouth,sunfish,fish,,,,,,,,,,,,,,,,,yes,Washington,no,yes,no,,,Bonar et al. 2005,,,,,
Lepomis macrochirus ,Bluegill,sunfish,fish,yes,,,,,,,yes,,,,,,,,,yes,"Montana, Washington",no,yes,yes,"Mandrak et al 2014, BC Ministry List",,"Clancy and Bourret 2020, Bonar et al. 2005",,,,,
Lepomis megalotis ,Longear sunfish ,sunfish,fish,,yes,yes,,,,,yes,,,,,,,,,yes,Montana,no,yes,no,Mandrak et al 2014,,Clancy and Bourret 2020,,,,,
Lethenteron alaskense ,Alaskan brook lamprey,lamprey,fish,,,,,,No,,,,,,,,,,,,,no,no,no,Therriault and Webb 2017,Therriault and Webb 2017,,,,,,
Leuciscus idus ,ide,ide,fish,,yes,no,,,,,yes,yes,,,,,,,,,,yes,yes,yes,Mandrak et al 2014,,Roy et al. 2018,,,,,
Limnoithona tetraspina,,copepoda,zooplankton,,,,,,,,,,,,,,,,,yes,Washington,yes,yes,yes?,,,Cordell et al. 2008,,,,,
Lobelia sessilifolia ,,,aquatic plant,,,,,,,yes,,,,,,,,NA,NA,,,,,,Azan et al. 2015,Azan et al. 2015,,Moderately High,,,1,
Lota lota,burbot,burbot,fish,,,,,Northwest territories,,,,,,,,,,,,,,no,yes,no,Crossman 1991,,,,,,,
Ludwigia palustris ,,,aquatic plant,,,,,,,yes,,,,,,,,NA,NA,,,,,,Cohen et al. 2007,,,,,,6,
Ludwigia repens,,,aquatic plant,,,,,,,yes,,,,,,,,NA,NA,,,,,,Cohen et al. 2007,,,,,,5,
Lycoris radiata,,,aquatic plant,,,,,,,yes,,,,,,,,NA,NA,,,,,,Azan et al. 2015,Azan et al. 2015,,Moderately Low,,,4,
(Lymnaea natalensis OR Radix natalensis), (=Radix natalensis) ,mollusc,invertebrate,,,yes,,,,,yes,,,,,,,,,,,yes,no,no,"Schroeder et al. 2014, Duggan et al. 2018",Schroeder et al. 2014,,,,,,
(Lymnaea palustris OR Stagnicola palustris),(=Stagnicola palustris) ,mollusc,invertebrate,,,yes,,,,,yes,,,,,,,,,,,yes,no,no,"Schroeder et al. 2014, DFO SLRA 2014, Duggan et al. 2018",Schroeder et al. 2014,,,,,,
Lymnaea peregra ,wandering pond snail,mollusc,invertebrate,,,Unknown ,,,,,yes,,,,,,,,,,,yes,no,no?,"Schroeder et al. 2014, DFO SLRA 2014",Schroeder et al. 2014,,,,,,
Lymnaea stagnalis ,,mollusc,invertebrate,,,yes,,,,,,,,,,,,NA,NA,,,,,,Schroeder et al. 2014,Schroeder et al. 2014,,,,,62,
Lysimachia nummularia,moneywort,,aquatic plant,,,yes,,,,yes,,,,,,,,NA,NA,,,,,,Keller and Lodge 2007,,,,,,5,
(Marsilea crenata OR Marsilea crenulata),,,aquatic plant,,,,,,,yes,,,,,,,,NA,NA,,,,,,Azan et al. 2015,Azan et al. 2015,,Low,,,14,
Marsilea hirsuta,,,aquatic plant,,,,,,,yes,,,,,,,,NA,NA,,,,,,Azan et al. 2015,Azan et al. 2015,,Moderately Low,,,2,
Marsilea mutica,water fern,,aquatic plant,,,,,,,yes,,,,,,,,NA,NA,,,,,,Keller and Lodge 2007,,,,,,1,
Marsilea quadrifolia,water shamrock,,aquatic plant,,,yes,,,,yes,,,,,,,,NA,NA,,,,,,Keller and Lodge 2007,,,,,,5,
Mayaca fluviatilis,,,aquatic plant,,,,,,,yes,,,,,,,,NA,NA,,,,,,"Azan et al. 2015, Cohen et al. 2007",Azan et al. 2015,,Moderately High,,,2,
Melanoides tuberculata ,"Malaysian Trumpet Snail, Red-rimmed Melania ",mollusc,invertebrate,,,No ,,,,,yes,,,,,,,,,,,yes,yes,yes,"Schroeder et al. 2014, DFO SLRA 2014, Duggan et al. 2018",Schroeder et al. 2014,,,,,,
Mentha aquatic,water mint,,aquatic plant,,,yes,,,,yes,,,,,,,,NA,NA,,,,,,Keller and Lodge 2007,,,,,,7,
Microcyclops rubellus,,copepoda,zooplankton,,,,,,,yes,,,,,,,,NA,NA,,,,,,Duggan et al. 2018,,,on Sword plants,,,1,
(Micromeria brownei OR Clinopodium brownei),,,aquatic plant,,,,,,,yes,,,,,,,,NA,NA,,,,,,Azan et al. 2015,Azan et al. 2015,,Moderately Low,,,1,
Micropterus dolomieu,Smallmouth bass,bass,fish,,yes,yes,,,Yes,,,,,,,,,,,yes,Montana,no,yes,yes,"Crossman 1991, Therriault and Webb 2017, BC Ministry List","Therriault and Webb 2017, DFO 2010 BC RA, DFO Atlantic salmon RA",Clancy and Bourret 2020,,,,,
Micropterus salmoides ,Largemouth bass,bass,fish,,yes,yes,,USA,Yes,,yes,yes,,,,,,,,yes,"Montana, Idaho, Washington",no,yes,yes,"Crossman 1991, Mandrak et al 2014, Therriault and Webb 2017, BC Ministry List, Keller and Lodge 2007","Therriault and Webb 2017, DFO 2010 BC RA","Clancy and Bourret 2020, Braun and Walser 2011,Christensen and Moore 2010; Hawkins et al. 2020; Marsha et al. 2021, bonar et al. 2005",,,,,
Microsorum pteropus ,java fern,Copel. (syn. Colysis pteropus),aquatic plant,,,,,,,yes,,,,,,,,,,,,yes,no,no,"Azan et al. 2015, cohen et al. 2007",Azan et al. 2015,,,,,,
(Microsorum pteropus OR Colysis pteropus),,,aquatic plant,,,,,,,yes,,,,,,,,NA,NA,,,,,,"Azan et al. 2015, cohen et al. 2007",Azan et al. 2015,,High,,,15,
Mimulus luteus,,,aquatic plant,,,,,,,yes,,,,,,,,NA,NA,,,,,,Azan et al. 2015,Azan et al. 2015,,Moderately Low,,,8,
Misgurnus anguillicaudatus ,Pond loach/ Oriental weatherfish,weatherfish,fish,,yes,yes,,,,,yes,yes,,,,,,,,yes,"Idaho, Washington",yes,yes,yes,"Mandrak et al 2014, BC Ministry List, Keller and Lodge 2007",,"Urquhart and Koetsier 2014, Tabor et al. 2001, Roy et al. 2018",,,,,
Misgurnus fossilis ,weatherfish,weatherfish,fish,,yes,no,,,,,yes,,,,,,,,,,,yes,no,no,Mandrak et al 2014,,,,,,,
Mogurnda adspersa ,,,fish,,,,,,,,yes,,,,,,,NA,NA,,,,,,Mandrak et al. 2014,,,not climate match to canada,family climate match ,,5,
Mogurnda mogurnda ,,,fish,,,,,,,,yes,,,,,,,NA,NA,,,,,,Mandrak et al. 2014,,,not climate match to canada,family climate match ,,11,
Monopterus albus ,,,fish,,,,,,,,yes,,,,,,,NA,NA,,,,,,Mandrak et al. 2014,,,not climate match to canada,family climate match ,,14,
Morone mississippiensis,Yellow bass,bass,fish,,,,,,Yes,,,,,,,,,,,,,no,yes,no,Therriault and Webb 2017,Therriault and Webb 2017,,,,,,
Morone saxatilis ,Striped bass,bass,fish,,,yes,,,,,,yes,,,,,,,,,,no,yes,yes,Mandrak et al 2014,,,,,,,
Morone saxatilis x chrysops ,Wiper,Bass,fish,,,no,,,,,yes,yes,,,,,,NA,NA,,,,,,Mandrak et al 2014,,Roy et al. 2018,,,,9,
(Morone saxatilis x Morone chrysops OR Wiper),Wiper,Bass,fish,,,no,,,,,,yes,,,,,,,,,,no,,,Mandrak et al 2014,,Roy et al. 2018,,,,,
Musa,,,aquatic plant,,,,,,,yes,,,,,,,,NA,NA,,,,,,Azan et al. 2015,Azan et al. 2015,,Low,,,240,
Musculium lacustre ,Lake Fingernail Clam ,mollusc,invertebrate,,,yes,,,,,,,,,,,,NA,NA,,,,,,Schroeder et al. 2014,Schroeder et al. 2014,,,,,1,
Musculium partumeium ,Swamp Fingernail Clam ,mollusc,invertebrate,,,yes,,,,,,,,,,,,NA,NA,,,,,,Schroeder et al. 2014,Schroeder et al. 2014,,,,,2,
Mylopharyngodon piceus,Black carp,carp,fish,,,,,,Yes,,,yes,,,,,,,,,,yes,yes,yes,Therriault and Webb 2017,"Therriault and Webb 2017, DFO Canadawide RA",Roy et al. 2018,,,,,
Myosotis,,,aquatic plant,,,,,,,yes,,,,,,,,NA,NA,,,,,,Azan et al. 2015,Azan et al. 2015,,Low,,,20,
Myosotis scorpioides,European forget-me-not,not,aquatic plant,yes,yes,yes,no,,,yes,,,,,,,,,,,,yes,yes,no,"BC Ministry List, Keller and Lodge 2007",,,,,,,
Myriophyllum aquaticum,Parrot's feather,feather,aquatic plant,yes,,yes,no,,,yes,yes,,,,,,,,,yes,Washington,yes,yes,yes,"BC Ministry List, Keller and Lodge 2007",,"Kuehne et al. 2016, 2018",,,,,
Myriophyllum heterophyllum,Varied-leaved watermilfoil,watermilfoil,aquatic plant,yes,,,no,,,yes,,,,,,,,,,,,no,yes,yes,"BC Ministry List, DFO SLRA 2014",,,,,,,
Myriophyllum propinquum,Common water milfoil,milfoil,aquatic plant,,,,no,,,yes,,,,,,,,NA,NA,,,,,,DFO SLRA 2014,,,,,,2,
Myriophyllum spicatum,Eurasian water-milfoil (spiked),milfoil,aquatic plant,yes,,yes,no,,,yes,yes,,,,,yes,,,,yes,"Idaho, Washington",yes,yes,yes,"BC Ministry List, Keller and Lodge 2007",,"(Moody and Les 2007; Madsen et al. 2015; Liao et al. 2016, Wagner and Falter 2002, Parsons et al. 2009; Tamayo and Olden 2014; Olden and Tamayo 2014)",,,,,
Mysis diluviana,Opossum shrimp,shrimp,invertebrate,,,,,,,,,,,,,,,,,yes,"Montana, Idaho, Washington",no,yes,no,,,"Ellis et al 2011, Devlin et al. 2017, Caldwell et al. 2016, Schoen et al. 2015",,,,,
Mytilopsis leucophaeata,dark false mussel,mollusc,invertebrate,,,,,,,,,,,,,,,,,,,no,yes,yes,,"Therriault et al. 2013, DFO Canadawide RA",,,,,,
Myxobolus cerebralis ,Whirling disease parasite,cndaria,parasite,,,,,,,,,,,,,,,,,yes,"Montana, Alaska",yes,yes,yes,,,"Carim et al. 2015; Murcia et al. 2015, Gates et al. 2009, (Arsan and Bartholomew 2008)",,,,,
Myxocyprinus asiaticus ,,,fish,,,,,,,,yes,,,,,,,NA,NA,,,,,,Mandrak et al. 2014,,,not climate match to canada,family climate match ,,1,
Najas graminea,Ricefield waternymph,waternymph,aquatic plant,,,no,,,,yes,,,,,,,,NA,NA,,,,,,DFO SLRA 2014,,,,,,1,
Najas minor,less naiad,,aquatic plant,,,yes,,,,,yes,,,,,,,NA,NA,,,,,,Keller and Lodge 2007,,,,,,14,
Nelumbo,,,aquatic plant,,,,,,,yes,,,,,,,,NA,NA,,,,,,Azan et al. 2015,Azan et al. 2015,,Moderately Low,,,49,
Notemigonus crysoleucas,golden shiner,shiner,fish,,,yes,,,,,,,,,,,yes,,,yes,Washington,no,yes,no,Keller and Lodge 2007,,Bonar et al. 2005,,,,,
Notropis hudsonius,Margined madtom or spottail shiner,shiner,fish,,yes,,yes,,,,maybe,,,,,,,,,,,no,yes,no,"Crossman 1991, BC Ministry List",,,,,,,
Noturus albater ,Ozark madtom ,madtom,fish,,,,,,Yes,,,,,,,,,,,,,no,no,no,Therriault and Webb 2017,Therriault and Webb 2017,,,,,,
Noturus elegans ,Elegant madtom ,madtom,fish,,,,,,Yes,,,,,,,,,,,,,no,no,no,Therriault and Webb 2017,Therriault and Webb 2017,,,,,,
Nymphaea alba,European white waterlily,waterlily,aquatic plant,,,yes,,,,yes,,,,,,,,NA,NA,,,,,,DFO SLRA 2014,,,,,,7,
Nymphaea lotus,,,aquatic plant,,,,,,,yes,,,,,,,,NA,NA,,,,,,Azan et al. 2015,Azan et al. 2015,,Moderately High,,,4,
Nymphaea mexicana,Yellow waterlily,waterlily,aquatic plant,yes,,,no,,,yes,,,,,,,,,,,,no,yes,yes,"BC Ministry List, Azan et al. 2015",Azan et al. 2015,,,,,,
Nymphaea nouchali,Blue lotus,lotus,aquatic plant,,,no,,,,yes,,,,,,,,NA,NA,,,,,,DFO SLRA 2014,,Mordecai et al. 2021,,,,1,
Nymphaea odorata,Fragrant waterlily,waterlily,aquatic plant,yes,,,no,,,,,,,,,,,NA,NA,,,,,,BC Ministry List,,,,,,7,
(Nymphaea stellata OR Nymphaea nouchali),,,aquatic plant,,,,,,,yes,,,,,,,,NA,NA,,,,,,Azan et al. 2015,Azan et al. 2015,,Moderately Low,,,33,
Nymphoides aquatic ,,,aquatic plant,,,,,,,yes,,,,,,,,NA,NA,,,,,,Azan et al. 2015,Azan et al. 2015,,Moderately Low,,,22,
Nymphoides peltata,Yellow floating heart,heart,aquatic plant,yes,,yes,no,,,yes,yes,,,,,,,,,,,yes,yes,yes,"BC Ministry List, Keller and Lodge 2007",,,,,,,
Oenanthe,,,aquatic plant,,,,,,,yes,,,,,,,,NA,NA,,,,,,Azan et al. 2015,Azan et al. 2015,,Moderately Low,,,17,
Oenanthe aquatica,,,aquatic plant,,,,,,,yes,,,,,,,,NA,NA,,,,,,Azan et al. 2015,Azan et al. 2015,,Moderately Low,,,5,
Oncorhynchus aguabonita,Golden trout,salmonid,fish,,,,,,,,maybe,,,,,,,,,,,no,yes,no,Crossman 1991,,,,,,,
Oncorhynchus clarki lewisi x Oncorhynchus mykiss,Westslope cutthroat trout x rainbow trout hybrid,salmonid,fish,,,,,,,,,,,,,,,,,,,no,,,Crossman 1991,,,,,,,
Oncorhynchus clarkii clarkii,Cutthroat Trout,salmonid,fish,,,,,,,,,,,yes,,,,,,,,no,yes,yes,DFO aquaculture liscence,,,,,,,
Oncorhynchus keta,Chum salmon,salmonid,fish,,,,,"Alaska, Yukon",,,,,,,,,,,,,,no,yes,no,Crossman 1991,,,,,,,
Oncorhynchus kisutch,Coho salmon,salmonid,fish,,,,,,,,,,yes,yes,,,,,,,,no,yes,no,"DFO aquaculture liscence, Gartner et al, 2011",,,,,,,
Oncorhynchus mykiss ,"Rainbow trout, Steelhead",salmonid,fish,,,yes,,"Ontario, Washington , California, Norway",,,,yes,,yes,,,,,,yes,"Montana, Washington",no,yes,yes,"Crossman 1991, Mandrak et al 2014, DFO aquaculture liscence",,"Carim et al. 2015, Clancy and Bourret 2020, (Ostberg and Rodriguez 2006; Ostberg and Chase 2012), Bonar et al. 2005, Taylor et al. 2007; Pearon and Goater 2008; Rasmussen et al. 2010, 2012; Hanisch et al. 2012, 2013; Yau and Taylor 2013)",,,,,
Oncorhynchus nerka,"Kokanee, Sockeye salmon",salmonid,fish,,,,,,,,,,,yes,,,,,,yes,Washington,no,yes?,yes?,"Crossman 1991, DFO aquaculture liscences",,spies et al. 2007,,,,,
Oncorhynchus tshawytscha,Chinook salmon,salmonid,fish,,,,,"Yukon, Oregon, Washington",,,,,,yes,,,,,,yes,Washington,no,yes,yes,"Crossman 1991, DFO aquaculture liscences",,Jezorek and Connolly 2015,,,,,
Oreochromis aureus ,Blue tilapia ,tilapia,fish,,,,,,No,,,,,yes,,,,,,,,yes,yes,yes,Therriault and Webb 2017,Therriault and Webb 2017,,,,,,
Oreochromis niloticus,Nile Tilapia,tilapia,fish,,,,,,,,,,,yes,,,,,,,,yes,yes,yes,DFO aquaculture liscence,,,,,,,
Ostracoda,,Ostracoda,zooplankton,,,,,,,yes,,,,,,,,NA,NA,,,,,,Duggan et al. 2018,,,on sword plants and Vallisneria plants,,,86,
Otocinclus affinis,Golden otocinclus,,fish,,,,,,,,yes,,,,,,,NA,NA,,,,,,Gertzen et al. 2007,,,,,,1,
Oxyeleotris marmorata ,,,fish,,,,,,,,yes,,,,,,,NA,NA,,,,,,Mandrak et al. 2014,,,not climate match to canada,family climate match ,,2,
Pacifastacus leniusculus,Signal crayfish,crayfish,invertebrate,yes,yes,yes,,,,,,,,yes,,,,,,yes,Washington,no,yes,yes,,"(Mueller 2007; Mueller and Bodensteiner 2009; Larson et al. 2017), larson and olden 2013",,,,,,
Palaemon modestus,Siberian prawn,shrimp,invertebrate,,,,,,,,,,,,,,,,,yes,Washington,yes,yes,no,,,Erhardt and Tiffan 2016,,,,,
Parambassis ranga ,,,fish,,,,,,,,yes,,,,,,,NA,NA,,,,,,Mandrak et al. 2014,,,not climate match to canada,family climate match ,,1,
Pectinatella magnifica,magnificent bryozoan,bryozoan,invertebrate,yes,,,no,,,,,,,,,,,,,,,no,yes,yes,BC Ministry List,,,,,,,
Perca flavescens,Yellow perch,perch,fish,,yes,yes,yes,"Alberta, USA",Yes,,,,,,,,,,,yes,"Montana, Washington",no,yes,no,"Crossman 1991, Therriault and Webb 2017, BC Ministry List","Therriault and Webb 2017, DFO 2010 BC RA","Clancy and Bourret 2020, Bolding et al. 1998; Hansen et al. 2019, Bonar et al. 2005",,,,,
Perccottus glenii,Amur sleeper,,fish,,,,,,,,,yes,,,,,,,,,,yes,no,yes,Roy et al. 2018,,Roy et al. 2018,,,,,
Percina antesella ,Amber darter ,darter,fish,,,,,,No,,,,,,,,,,,,,no,no,no,Therriault and Webb 2017,Therriault and Webb 2017,,,,,,
Percina aurantiaca ,Tangerine darter ,darter,fish,,,,,,No,,,,,,,,,,,,,no,no,no,Therriault and Webb 2017,Therriault and Webb 2017,,,,,,
Percina burtoni ,Blotchside darter ,darter,fish,,,,,,No,,,,,,,,,,,,,no,no,no,Therriault and Webb 2017,Therriault and Webb 2017,,,,,,
Percopsis omiscomaycus,trout-perch,perch,fish,,,,,,,,,,,,,,,,,,,no,yes,no,Crossman 1991,,,,,,,
Periophthalmus barbarus ,,,fish,,,,,,,,yes,,,,,,,NA,NA,,,,,,Mandrak et al. 2014,,,not climate match to canada,family climate match ,,1,
Petromyzontidae,lamprey (sp),lamprey,fish,,,,,"Washington, California",,,,,,,,,,,,,,,,,Crossman 1991,,,,,,,
Phoxinus neogaeus ,Finescale dace,dace,fish,,yes,yes,,,,,yes,,,,,,,,,,,no,no,no,Mandrak et al 2014,,,,,,,
Phragmites,,,aquatic plant,,,,,,,yes,,,,,,,,NA,NA,,,,,,Azan et al. 2015,Azan et al. 2015,,Low,,,1109,
Physa acuta ,European Physa ,mollusc,invertebrate,,,yes,,,,,yes,,,,,,,NA,NA,,,,,,"Schroeder et al. 2014, Duggan et al. 2018",Schroeder et al. 2014,,on sword plants and Vallisneria plants,,,77,
Physa fontinalis ,Common Bladder Snail ,mollusc,invertebrate,,,yes,,,,,,,,,,,,NA,NA,,,,,,Schroeder et al. 2014,Schroeder et al. 2014,,,,,4,
Physella acuta ,European Physa ,mollusc,invertebrate,,,yes,,,,,yes,,,,,,,,,,,no,yes,yes,"Schroeder et al. 2014, Duggan et al. 2018",Schroeder et al. 2014,,,,,,
Piaractus brachypomus,Red-bellied pacu,pacu,fish,yes,,,,,,,,,,,,,,,,,,yes,yes,yes,BC Ministry List,,,,,,,
Pimephales promelas ,Fathead minnow,minnow,fish,,yes,yes,,Ontario,,,yes,,yes,,,,,,,yes,Montana,no,yes,yes,"Crossman 1991, Mandrak et al 2014, BC Ministry List, Keller and Lodge 2007",,Clancy and Bourret 2020,,,,,
Pimephales vigilax ,Bullhead minnow ,minnow,fish,,,,,,No,,,,,,,,,,,,,no,yes,no,Therriault and Webb 2017,Therriault and Webb 2017,,,,,,
piscine orthoreovirus,piscine orthoreovirus (PRV-1),,virus,,,,,,,,,,,yes,,,,,,,,no,yes,no?,,,,,,,,
Pisidium amnicum ,Greater European Peaclam ,mollusc,invertebrate,,,yes,,,,,,,,,,,,NA,NA,,,,,,Schroeder et al. 2014,Schroeder et al. 2014,,,,,9,
(Pisidium corneum OR Sphaerium corneum ),European Fingernail Clam ,mollusc,invertebrate,,,yes,,,,,,,,,,,,NA,NA,,,,,,Schroeder et al. 2014,Schroeder et al. 2014,Mackie 1976; Mackie 2000,parasite host,,,17,
Pisidium henslowanum ,Henslow Peaclam ,mollusc,invertebrate,,,yes,,,,,,,,,,,,NA,NA,,,,,,Schroeder et al. 2014,Schroeder et al. 2014,,,,,2,
Pistia stratiotes,water lettuce,,aquatic plant,,,yes,,,,yes,yes,,,,,,,NA,NA,,,,,,Keller and Lodge 2007,,,,,,110,
Planorbidae,,mollusc,invertebrate,,,,,,,,yes,,,,,,,NA,NA,,,,,,Duggan et al. 2018,,,on sword plants and Vallisneria plants,,,67,
Platygobio gracilis,Flathead chub,chub,fish,,,,,Alberta,,,,,,,,,,,,,,no,yes,no,Crossman 1991,,,,,,,
Plumatella,bryozoan,bryozoan,invertebrate,,,,,,,,yes,,,,,,,NA,NA,,,,,,Duggan et al. 2018,,,on sword plants,,,6,
Poecilia latipinna ,,,fish,,,,,,,,yes,,,,,,,NA,NA,,,,,,Mandrak et al. 2014,,,not climate match to canada,family climate match ,,25,
Poecilia petenensis ,,,fish,,,,,,,,yes,,,,,,,NA,NA,,,,,,Mandrak et al. 2014,,,not climate match to canada,family climate match ,,1,
Poecilia reticulata ,Guppy,,fish,,,,,,,,yes,,,,,,,NA,NA,,,,,,"Mandrak et al. 2014, Gertzen et al. 2007",,,not climate match to canada,family climate match ,,232,
Poecilia sphenops ,,,fish,,,,,,,,yes,,,,,,,NA,NA,,,,,,Mandrak et al. 2014,,,not climate match to canada,family climate match ,,10,
Poecilia velifera ,,,fish,,,,,,,,yes,,,,,,,NA,NA,,,,,,Mandrak et al. 2014,,,not climate match to canada,family climate match ,,6,
(Pogostemon stellatus OR Dysophylla stellata OR Eusteralis stellata),,,aquatic plant,,,,,,,yes,,,,,,,,NA,NA,,,,,,Azan et al. 2015,Azan et al. 2015,,Moderately Low,,,8,
Pomacea bridgesi ,"Apple Snail, Spiketop Apple Snail, Golden Mystery Snail ",mollusc,invertebrate,,,No ,,,,,yes,,,,,,,,,,,yes,no,no?,"Schroeder et al. 2014, DFO SLRA 2014",Schroeder et al. 2014,,,,,,
Pomacea canaliculata ,Golden/Channelled Apple Snail ,mollusc,invertebrate,,,No ,,,,,yes,,,,,,,,,,,yes,yes,yes,"Schroeder et al. 2014, DFO SLRA 2014",Schroeder et al. 2014,,,,,,
Pomacea haustrum ,Titan Apple Snail ,mollusc,invertebrate,,,No ,,,,,yes,,,,,,,,,,,yes,yes?,no,"Schroeder et al. 2014, DFO SLRA 2014",Schroeder et al. 2014,,,,,,
Pomacea insularum,Island Apple Snail ,mollusc,invertebrate,,,No ,,,,,yes,,,,,,,,,,,yes,yes,no,"Schroeder et al. 2014, DFO SLRA 2014",Schroeder et al. 2014,,,,,,
Pomoxis annularis ,White crappie ,crappie,fish,,,,,,No,,,,,,,,,,,yes,Montana,no,yes,no,Therriault and Webb 2017,Therriault and Webb 2017,Clancy and Bourret 2020,,,,,
Pomoxis nigromaculatus ,Black crappie,crappie,fish,,yes,yes,,USA,,,yes,,,,,,,,,yes,"Montana, Washington",no,yes,no,"Crossman 1991, Mandrak et al 2014, BC Ministry List",,"Clancy and Bourret 2020, Bonar et al. 2005",,,,,
Pontederia ,,,aquatic plant,,,,,,,yes,,,,,,,,NA,NA,,,,,,Azan et al. 2015,Azan et al. 2015,,Moderately Low,,,4,
Potamogeton crispus,Curled pondweed (curlyleaf),curlyleaf),aquatic plant,yes,,yes,no,,,yes,,,,,,,,,,yes,Washington,yes,yes,yes,"BC Ministry List, Keller and Lodge 2007",,(Tamayo and Olden 2014),,,,,
(Potamogeton malaianus OR Potamogeton nodosus),,,aquatic plant,,,,,,,yes,,,,,,,,NA,NA,,,,,,Azan et al. 2015,Azan et al. 2015,,Low,,,82,
Potamogeton schweinfurthii,Pondweed,Pondweed,aquatic plant,,,no,,,,yes,,,,,,,,NA,NA,,,,,,DFO SLRA 2014,,,,,,1,
Potamopyrgus antipodarum ,New Zealand Mudsnail ,mollusc,invertebrate,yes,,yes,no,,,,,,,,,,,,,yes,"Idaho, Washington",yes,yes,yes,"Schroeder et al. 2014, BC Ministry List","Therriault et al. 2011, DFO Canadawide RA",(Richards et al. 2001; Kistner and Dybdahl 2014) (Paolucci and Thuesen 2020),,,,,
Priapella intermedia ,,,fish,,,,,,,,yes,,,,,,,NA,NA,,,,,,Mandrak et al. 2014,,,not climate match to canada,family climate match ,,2,
Primula,,,aquatic plant,,,,,,,yes,,,,,,,,NA,NA,,,,,,Azan et al. 2015,Azan et al. 2015,,Low,,,35,
Procambarus clarkii,Red Swamp crayfish,crayfish,invertebrate,,,yes,,,,,,,yes,,,,,,,yes,Washington,no,yes,yes,"Brown and Therriault, Keller and Lodge 2007",(Mueller 2007; Mueller and Bodensteiner 2009; Larson et al. 2017),,,,,,
Pseudacris regilla,Chorus frog,frog,amphibian,yes,,,yes,,,,,,,,,,,NA,NA,,,,,,BC Ministry List,,,,,,38,
Pseudodiaptomus forbesi,,copepoda,zooplankton,,,,,,,,,,,,,,,,,yes,Washington,yes,yes,no,,,"Dexter et al. 2020, Lee et al. 2016, Cordell et al. 2008",,,,,
Pseudodiaptomus inopinus,,copepoda,zooplankton,,,,,,,,,,,,,,,,,yes,Washington,yes,yes,no,,,Cordell et al. 2008,,,,,
Pseudogastromyzon fasciatus ,,,fish,,,,,,,,yes,,,,,,,NA,NA,,,,,,Mandrak et al. 2014,,,not climate match to canada,family climate match ,,1,
Pteronotropis hypselopterus ,Sailfin shiner ,shiner,fish,,,,,,No,,,,,,,,,,,,,no,no,no,Therriault and Webb 2017,Therriault and Webb 2017,,,,,,
Pterophyllum scalare,Angelfish,,fish,,,,,,,,yes,,,,,,,NA,NA,,,,,,Gertzen et al. 2007,,,,,,9,
Pterygoplichthys,plecostomus,,fish,,,,,,,,yes,,,,,,,NA,NA,,,,,,Gertzen et al. 2007,,,,,,95,
Ptychocheilus oregonensis ,Northern pikeminnow ,pikeminnow,fish,,,,,,No,,,,,,,,,,,yes,Montana,no,no,no,Therriault and Webb 2017,Therriault and Webb 2017,Clancy and Bourret 2020,,,,,
Ptygura,,rotifer,zooplankton,,,,,,,yes,,,,,,,,NA,NA,,,,,,Duggan et al. 2018,,,on Vallisneria plants,,,1,
Puntius chola ,,,fish,,,,,,,,yes,,,,,,,NA,NA,,,,,,Mandrak et al. 2014,,,not climate match to canada,family climate match ,,1,
Puntius conchonius ,,,fish,,,,,,,,yes,,,,,,,NA,NA,,,,,,Mandrak et al. 2014,,,not climate match to canada,family climate match ,,2,
Puntius denisonii ,,,fish,,,,,,,,yes,,,,,,,NA,NA,,,,,,Mandrak et al. 2014,,,not climate match to canada,family climate match ,,1,
Puntius filamentosus ,,,fish,,,,,,,,yes,,,,,,,NA,NA,,,,,,Mandrak et al. 2014,,,not climate match to canada,family climate match ,,3,
Puntius hexazona ,,,fish,,,,,,,,yes,,,,,,,NA,NA,,,,,,Mandrak et al. 2014,,,not climate match to canada,family climate match ,,1,
Puntius johorensis ,,,fish,,,,,,,,yes,,,,,,,NA,NA,,,,,,Mandrak et al. 2014,,,not climate match to canada,family climate match ,,1,
Puntius lateristriga ,,,fish,,,,,,,,yes,,,,,,,NA,NA,,,,,,Mandrak et al. 2014,,,not climate match to canada,family climate match ,,1,
Puntius lineatus ,,,fish,,,,,,,,yes,,,,,,,NA,NA,,,,,,Mandrak et al. 2014,,,not climate match to canada,family climate match ,,1,
Puntius oligolepis ,,,fish,,,,,,,,yes,,,,,,,NA,NA,,,,,,Mandrak et al. 2014,,,not climate match to canada,family climate match ,,1,
Puntius partipentazona ,,,fish,,,,,,,,yes,,,,,,,NA,NA,,,,,,Mandrak et al. 2014,,,not climate match to canada,family climate match ,,1,
Puntius sachsii ,,,fish,,,,,,,,yes,,,,,,,NA,NA,,,,,,Mandrak et al. 2014,,,not climate match to canada,family climate match ,,1,
Puntius semifasciolatus ,,,fish,,,,,,,,yes,,,,,,,NA,NA,,,,,,Mandrak et al. 2014,,,not climate match to canada,family climate match ,,3,
Puntius tetrazona ,Tiger barb,,fish,,,,,,,,yes,,,,,,,NA,NA,,,,,,"Mandrak et al. 2014, Gertzen et al. 2007",,,not climate match to canada,family climate match ,,3,
Puntius ticto ,,,fish,,,,,,,,yes,,,,,,,NA,NA,,,,,,Mandrak et al. 2014,,,not climate match to canada,family climate match ,,1,
Radix auricularia ,"European Ear Snail, Big-eared Radix ",mollusc,invertebrate,,,yes,,,,,,,,,,,,,,yes,Washington,yes,yes,no,Schroeder et al. 2014,Harman 2000; Haynes et al. 2005,Larson et al. 2018,,,,,
Rana aurora,Red-legged frog,frog,amphibian,yes,,,yes,,,,,,,,,,,NA,NA,,,,,,BC Ministry List,,,,,,48,
Rana catesbeiana,Bullfrog,frog,amphibian,yes,yes,,no,,,,,,,,,,,,,yes,"Montana, Washington",no,yes,yes,BC Ministry List,,"Sepulveda and Layhee 2015, Adams 1999",,,,,
Rana clamitans,Green frog,frog,amphibian,yes,yes,,yes,,,,,,,,,,,,,,,no,yes,no,BC Ministry List,,,,,,,
Rasbora trilineata ,,,fish,,,,,,,,yes,,,,,,,NA,NA,,,,,,Mandrak et al. 2014,,,not climate match to canada,family climate match ,,1,
Richardsonius balteatus,Redside shiner,shiner,fish,yes,,,yes,Alberta,,,,,,,,,,,,yes,Montana,no,yes,no,"Crossman 1991, BC Ministry List",,Clancy and Bourret 2020,,,,,
Rorippa nasturtium-aquaticum,Common water cress,cress,aquatic plant,yes,,,no,,,,,,,,,,,NA,NA,,,,,,BC Ministry List,,,,,,2,
Rotala,,,aquatic plant,,,,,,,yes,,,,,,,,NA,NA,,,,,,Azan et al. 2015,Azan et al. 2015,,Moderately High,,,7,
Rotala indica ,,,aquatic plant,,,,,,,yes,,,,,,,,NA,NA,,,,,,Cohen et al. 2007,,,,,,1,
Ruellia,,,aquatic plant,,,,,,,yes,,,,,,,,NA,NA,,,,,,Azan et al. 2015,Azan et al. 2015,,Moderately Low,,,33,
Rutilus rutilus ,Roach ,Roach,fish,,,,,,No,,,,,,,,,,,,,yes,no,yes,Therriault and Webb 2017,Therriault and Webb 2017,,,,,,
Sagittaria,,,aquatic plant,,,,,,,yes,,,,,,,,NA,NA,,,,,,Azan et al. 2015,Azan et al. 2015,,Moderately Low,,,54,
Sagittaria natans,,,aquatic plant,,,,,,,yes,,,,,,,,NA,NA,,,,,,Cohen et al. 2007,,,,,,1,
Sagittaria platyphylla,Delta arrowhead,arrowhead,aquatic plant,,,no,,,,yes,,,,,,,,,,,,no,yes,yes,"DFO SLRA 2014, cohen et al. 2007",,,,,,,
Sagittaria subulata,Awl-leaf arrowhead,arrowhead,aquatic plant,,,,no,,,yes,,,,,,,,,,,,yes,no,yes,"DFO SLRA 2014, Azan et al. 2015, cohen et al. 2007",Azan et al. 2015,,,,,,
Salmo salar ,Atlantic salmon,salmonid,fish,,yes,yes,,"Washington, Scotland",,,,yes,,yes,,,,,,yes,Alaska,no,yes,yes,"Crossman 1991, Mandrak et al 2014, DFO aquaculture liscence, BC Ministry List",, (Wing et al. 1992; Piccolo and Orlikowska 2012),,,,,
Salmo trutta,Brown trout,salmonid,fish,,yes,yes,,,,,,,,,,,,,,yes,Montana,yes,yes,yes,"Crossman 1991, BC Ministry List",,Clancy and Bourret 2020,,,,,
Salvelinus alpinus,Arctic char,char,fish,,,,,"Manitoba, Alaska",,,,,,yes,,,,,,,,no,yes,no,"Crossman 1991, DFO aquaculture liscences",,,,,,,
Salvelinus confluentus,Bull trout,salmonid,fish,,,,,,,,,,,,,,,,,yes,Montana,no,no,no,Crossman 1991,,Clancy and Bourret 2020,,,,,
Salvelinus fontinalis,Brook trout (eastern),eastern),fish,,yes,yes,,,,,,,,yes,,,,,,yes,"Montana, Idaho, Washington, Alberta",no,yes,no,"Crossman 1991, DFO aquaculture liscences, BC Ministry List",,"Clancy and Bourret 2020, Benjamin and Baxter 2010, Hofman et al. 2014, (Parker and Schindler 2006; Pacas and Taylor 2015)",,,,,
Salvelinus fontinalis x Salvelinus namaycush,Brook trout x lake trout hybrid ,hybrid,fish,,,,,,,,,,,,,,,,,,,no,,,Crossman 1991,,,,,,,
Salvelinus malma,Dolly varden trout,salmonid,fish,,,,,,,,,,,,,,,,,,,no,yes,no,Crossman 1991,,,,,,,
Salvelinus namaycush ,Lake Trout,salmonid,fish,yes,,,yes,,,,,,,yes,,,,,,yes,"Montana, Alberta",no,yes,yes,"DFO aquaculture liscence, BC Ministry List",,"Ellis et al. 2015, Clancy and Bourret 2020, Donald and Alger 1993",,,,,
(Salvelinus namaycush x Salvelinus malma OR Salvelinus namaycush x Salvelinus confluentus),Lake trout x dolly varden or bull trout,salmonid,fish,,,,,,,,,,,,,,,,,,,,,,Crossman 1991,,,,,,,
Salvelinus trutta x Salvelinus namaycush OR Splake,Splake,Splake,fish,yes,,,,,,,,,,,,,,,,,,no,yes,no,BC Ministry List,,,,,,,
Salvinia auriculata,eared watermoss,,aquatic plant,,,,,,,yes,,,,,,,,NA,NA,,,,,,Keller and Lodge 2007,,,,,,2,
Salvinia oblongifolia,,,aquatic plant,,,,,,,yes,,,,,,,,NA,NA,,,,,,Azan et al. 2015,Azan et al. 2015,,Moderately Low,,,1,
Sander canadensis ,Sauger ,Sauger,fish,,,,,,No,,,,,,,,,,,,,no,yes,no,Therriault and Webb 2017,Therriault and Webb 2017,,,,,,
Sander vitreus ,Walleye ,Walleye,fish,,yes,,yes,,No,,,,,,,,,,,yes,Montana,no,yes,no,"Therriault and Webb 2017, BC Ministry List","Therriault and Webb 2017, DFO BC RA 2010",Clancy and Bourret 2020,,,,,
Saprolegnia parasitica,water mould,Ootmycetes,fungus,,,,,,,,,,,,,,,NA,NA,,,,,,,,(de la Bastide et al. 2018),,,,11,
Schizopera,,copepoda,zooplankton,,,,,,,yes,,,,,,,,NA,NA,,,,,,Duggan et al. 2018,,,on sword plants and Vallisneria plants,,,6,
Scirpus,,,aquatic plant,,,,,,,yes,,,,,,,,NA,NA,,,,,,Azan et al. 2015,Azan et al. 2015,,Moderately Low,,,135,
Silurus glanis ,Wels catfish,catfish,fish,,yes,no,,,,,yes,yes,,,,,,,,,,yes,no,yes,Mandrak et al 2014,,Roy et al. 2018,,,,,
Siniperca chuatsi ,Mandarin fish/Chinese perch,perch,fish,,,,,,,,yes,yes,,,,,,,,,,yes,no,no?,Mandrak et al 2014,,Roy et al. 2018,,,,,
Sinocalanus doerrii,asian calanoid copepod,copepoda,zooplankton,,,,,,,,,,,,,,,,,yes,Washington,yes,yes,no,,,Cordell et al. 2008,,,,,
Spathiphyllum,,,aquatic plant,,,,,,,yes,,,,,,,,NA,NA,,,,,,Azan et al. 2015,Azan et al. 2015,,High,,,4,
(Spathiphyllum wallisii OR Stenospermatium popatenense var. wallisii),,,aquatic plant,,,,,,,yes,,,,,,,,NA,NA,,,,,,Azan et al. 2015,Azan et al. 2015,,Moderately Low,,,59,
Sphaerium corneum,European Fingernail Clam ,mollusc,invertebrate,,,yes,,,,,,,,,,,,,,,,yes,yes,yes,Schroeder et al. 2014,Schroeder et al. 2014,Mackie 1976; Mackie 2000,,,,,
Stizostedion vitreum ,Walleye,Walleye,fish,,,,,,,,,,,,,,,,,,,no,yes,no,Crossman 1991,,,,,,,
Syngonium,,,aquatic plant,,,,,,,yes,,,,,,,,NA,NA,,,,,,Azan et al. 2015,Azan et al. 2015,,Moderately Low,,,3,
Tanichthys albonubes,white cloudmountain minnow,minnow,fish,,,,,,,,yes,,,,,,,,,,,yes,no,no,Gertzen et al. 2007,,,,,,,
Tanichthys albonubes ,white cloudmountain minnow,,fish,,,,,,,,yes,,,,,,,NA,NA,,,,,,"Mandrak et al. 2014, Gertzen et al. 2007",,,not climate match to canada,family climate match ,,3,
Tardigrada,tardigrade,tardigrade,invertebrate,,,,,,,yes,,,,,,,,NA,NA,,,,,,Duggan et al. 2018,,,on Vallisneria plants,,,22,
(Tarebia granifera OR Thiara granifera) ,Quilted Melania ,mollusc,invertebrate,,,No ,,,,,yes,,,,,,,,,,,yes,yes,yes?,"Schroeder et al. 2014, DFO SLRA 2014",,,,,,,
Taxiphyllum,,,aquatic plant,,,,,,,yes,,,,,,,,NA,NA,,,,,,Azan et al. 2015,Azan et al. 2015,,Moderately High,,,2,
Thalia dealbata,,,aquatic plant,,,,,,,yes,,,,,,,,NA,NA,,,,,,Azan et al. 2015,Azan et al. 2015,,Moderately High,,,4,
Thalia geniculata,,,aquatic plant,,,,,,,yes,,,,,,,,NA,NA,,,,,,Azan et al. 2015,Azan et al. 2015,,Low,,,2,
Thymallus arcticus,Arctic grayling,grayling,fish,,,,,"Yukon, Alaska, Northwest Terrirtories",,,,,,,,,,,,,,no,yes,yes,Crossman 1991,,,,,,,
Tinca tinca,Tench,Tench,fish,yes,,,no,USA,,,,,,,,,,,,,,yes,yes,yes,"Crossman 1991, BC Ministry List",,,,,,,
(Tonina fluviatilis OR Hyphydra amplexicaulis OR Tonina fluviatilis f. parvifolia),,,aquatic plant,,,,,,,yes,,,,,,,,NA,NA,,,,,,Azan et al. 2015,Azan et al. 2015,,Low,,,6,
Trachemys scripta,red eared Slider,Slider,reptile,yes,yes,,no,,,,yes,,,,,,,,,,,no,yes,yes,BC Ministry List,,,,,,,
Trapa natans,water chestnut,,aquatic plant,,,yes,,,,,yes,,,,,,,NA,NA,,,,,,Keller and Lodge 2007,,,,,,47,
Trichocerca,,rotifer,zooplankton,,,,,,,yes,,,,,,,,NA,NA,,,,,,Duggan et al. 2018,,,on Vallisneria plants,,,4,
Tulbaghia,,,aquatic plant,,,,,,,yes,,,,,,,,NA,NA,,,,,,Azan et al. 2015,Azan et al. 2015,,Low,,,1,
Tulbaghia violacea,,,aquatic plant,,,,,,,yes,,,,,,,,NA,NA,,,,,,Azan et al. 2015,Azan et al. 2015,,Low,,,1,
typha angustifolia,narrow-leaved cattail,,aquatic plant,,,yes,,,,yes,,,,,,,,NA,NA,yes,Montana,,,,Keller and Lodge 2007,,,,,,114,montana
Typha minima,,,aquatic plant,,,,,,,yes,,,,,,,,NA,NA,,,,,,Azan et al. 2015,Azan et al. 2015,,High,,,8,
Umbra limi,Central Mud Minnow,Minnow,fish,,,,,,,,,,,,,,,,,yes,Montana,no,yes,no,,,Clancy and Bourret 2020,,,,,
Vallisneria americana,American tapegrass,tapegrass,aquatic plant,yes,,,no,,,,,,,,,,,,,,,no,yes,yes,"BC Ministry List, Cohen et al. 2007",,,,,,,
Vallisneria asiatica ,,,aquatic plant,,,,,,,yes,,,,,,,,NA,NA,,,,,,Cohen et al. 2007,,,,,,1,
Vallisneria gigantea,,,aquatic plant,,,,,,,yes,,,,,,,,NA,NA,,,,,,Cohen et al. 2007,,,,,,2,
(Vallisneria rubra OR Maidenia rubra),,,aquatic plant,,,,,,,yes,,,,,,,,NA,NA,,,,,,Azan et al. 2015,Azan et al. 2015,,Moderately High,,,1,
Vallisneria spiralis ,,,aquatic plant,,,,,,,yes,,,,,,,,NA,NA,,,,,,Cohen et al. 2007,,,,,,26,
Valvata piscinalis ,European Stream Valvata ,mollusc,invertebrate,,,yes,,,,,,,,,,,,,,,,yes,yes,yes,Schroeder et al. 2014,Harman 2000; Haynes et al. 2005,,,,,,
Veronica anagallis-aquatica,Blue water speedwell,speedwell,aquatic plant,yes,,,no,,,,,,,,,,,NA,NA,,,,,,BC Ministry List,,,,,,2,
Viral hemorrhagic septicemia virus ,Viral hemorrhagic septicemia virus (VHSV),,virus,,,,,,,,,,,yes,,,,,,,,no?,no?,yes?,,,,,,,,
Xenentodon cancila ,,,fish,,,,,,,,yes,,,,,,,NA,NA,,,,,,Mandrak et al. 2014,,,not climate match to canada,family climate match ,,1,
Xenopus laevis,African clawed frog,frog,amphibian,,,,,,,,yes,yes,yes,,,,,NA,NA,,,,,,Keller and Lodge 2007,,,,,,623,
Xiphophorus hellerii,Green swordtail,swordtail,fish,,,,,,,,,,,,,,,,,,,yes,yes,yes,Crossman 1991,,,,,,,
Xiphophorus maculatus ,,,fish,,,,,,,,yes,,,,,,,NA,NA,,,,,,Mandrak et al. 2014,,,not climate match to canada,family climate match ,,26,
Xiphophorus variatus ,,,fish,,,,,,,,yes,,,,,,,NA,NA,,,,,,Mandrak et al. 2014,,,not climate match to canada,family climate match ,,6,
Zizania aquatica,Wild rice,rice,aquatic plant,yes,,,no,,,,,,,,,,,NA,NA,,,,,,BC Ministry List,,,,,,4,
Zostera japonica,Japanese eel-grass,grass,aquatic plant,yes,,,no,,,,,,,,,,,NA,NA,,,,,,BC Ministry List,,,,,,50,
